month,평균_공포탐욕지수
2024-12,15.427999999999997
2025-01,16.85377171215882
2025-02,17.685966666666676
2025-03,16.958576779026206
